Study ID	Patient ID	Sample ID	Cancer Type	Cancer Type Detailed	Copy Number	Gene Expression Subtype	Fraction Genome Altered	Tumor Other Histologic Subtype	Hyper-mutated	iCluster	Methylation Status	Methylation Subtype	MLH1 Silencing	MRNA Data	MSI Status	Mutation Count	Oncotree Code	Overall Survival (Months)	Overall Survival Status	Primary Tumor Site	Primary Tumor Pathologic Spread	Number of Samples Per Patient	Sample Type	Sequenced	Sex	Somatic Status	Tumor Stage 2009
coadread_tcga_pub	TCGA-A6-2670	TCGA-A6-2670-01	Colorectal Adenocarcinoma	Colon Adenocarcinoma	1	CIN	0.5685	Sigmoid Colon	0	1	1	Cluster3	0	1	MSS	23	COAD	NA	NA	3 - left colon	T3	1	Primary	1	Male	Matched	Stage IIA
coadread_tcga_pub	TCGA-A6-2671	TCGA-A6-2671-01	Colorectal Adenocarcinoma	Colon Adenocarcinoma	1	NA	0.4881	Sigmoid Colon	NA	NA	0	NA	NA	0	MSS	NA	COAD	21.29	LIVING	3 - left colon	T3	1	Primary	0	Male	Matched	Stage IV
coadread_tcga_pub	TCGA-A6-2672	TCGA-A6-2672-01	Colorectal Adenocarcinoma	Colon Adenocarcinoma	1	MSI/CIMP	0.0357	Transverse Colon	1	2a	1	CIMP.H	1	1	MSI-H	413	COAD	16.53	LIVING	2 - transverse colon	T3	1	Primary	1	Female	Matched	Stage IIIB
coadread_tcga_pub	TCGA-A6-2674	TCGA-A6-2674-01	Colorectal Adenocarcinoma	Colorectal Adenocarcinoma	1	MSI/CIMP	0.0611	Sigmoid Colon	0	2b	1	Cluster4	0	1	MSS	19	COADREAD	17.18	LIVING	3 - left colon	T3	1	Primary	1	Male	Matched	Stage IV
coadread_tcga_pub	TCGA-A6-2676	TCGA-A6-2676-01	Colorectal Adenocarcinoma	Colorectal Adenocarcinoma	1	MSI/CIMP	0.0434	Cecum	1	2a	1	CIMP.H	1	1	MSI-H	596	COADREAD	14.69	LIVING	1 - right colon	NA	1	Primary	1	Female	Matched	Stage IIB
coadread_tcga_pub	TCGA-A6-2677	TCGA-A6-2677-01	Colorectal Adenocarcinoma	Colon Adenocarcinoma	1	CIN	0.1723	Cecum	0	1	1	Cluster3	0	1	MSS	56	COAD	17.77	LIVING	1 - right colon	T3	1	Primary	1	Female	Matched	Stage IIIC
coadread_tcga_pub	TCGA-A6-2678	TCGA-A6-2678-01	Colorectal Adenocarcinoma	Colon Adenocarcinoma	1	Invasive	0.2501	Transverse Colon	0	2b	1	Cluster3	0	1	MSS	62	COAD	14.36	LIVING	2 - transverse colon	T3	1	Primary	1	Female	Matched	Stage IIIB
coadread_tcga_pub	TCGA-A6-2679	TCGA-A6-2679-01	Colorectal Adenocarcinoma	Colon Adenocarcinoma	1	NA	0.3265	Ascending Colon	NA	NA	0	NA	NA	0	MSS	NA	COAD	19.55	LIVING	1 - right colon	T3	1	Primary	0	Female	Matched	Stage IIB
coadread_tcga_pub	TCGA-A6-2680	TCGA-A6-2680-01	Colorectal Adenocarcinoma	Colon Adenocarcinoma	1	NA	0.3938	Hepatic Flexure	NA	NA	0	NA	NA	0	MSS	NA	COAD	17.15	LIVING	1 - right colon	T3	1	Primary	0	Female	Matched	Stage IIA
coadread_tcga_pub	TCGA-A6-2681	TCGA-A6-2681-01	Colorectal Adenocarcinoma	Colon Adenocarcinoma	1	NA	0.3353	Cecum	NA	NA	0	NA	NA	0	MSS	NA	COAD	18.14	LIVING	1 - right colon	T3	1	Primary	0	Female	Matched	Stage IIA
coadread_tcga_pub	TCGA-A6-2682	TCGA-A6-2682-01	Colorectal Adenocarcinoma	Colon Adenocarcinoma	1	NA	0.0603	Cecum	NA	NA	1	NA	NA	0	MSS	NA	COAD	13.93	DECEASED	1 - right colon	T4b	1	Primary	0	Male	Matched	Stage IV
coadread_tcga_pub	TCGA-A6-2683	TCGA-A6-2683-01	Colorectal Adenocarcinoma	Colon Adenocarcinoma	1	CIN	0.4112	Ascending Colon	0	3	1	CIMP.L	0	1	MSI-L	70	COAD	15.51	LIVING	1 - right colon	NA	1	Primary	1	Male	Matched	Stage IV
coadread_tcga_pub	TCGA-A6-2684	TCGA-A6-2684-01	Colorectal Adenocarcinoma	Colon Adenocarcinoma	1	NA	0.1303	Cecum	NA	NA	1	NA	NA	0	MSI-L	NA	COAD	12.71	LIVING	1 - right colon	T2	1	Primary	0	Female	Matched	Stage I
coadread_tcga_pub	TCGA-A6-2685	TCGA-A6-2685-01	Colorectal Adenocarcinoma	Colon Adenocarcinoma	1	NA	0.1206	Sigmoid Colon	NA	NA	1	NA	NA	0	MSS	NA	COAD	15.24	LIVING	3 - left colon	T3	1	Primary	0	Female	Matched	Stage IIA
coadread_tcga_pub	TCGA-A6-2686	TCGA-A6-2686-01	Colorectal Adenocarcinoma	Colon Adenocarcinoma	1	NA	0.3306	Cecum	NA	NA	0	NA	NA	0	MSI-H	NA	COAD	16.03	LIVING	1 - right colon	T3	1	Primary	0	Female	Matched	Stage IIA
coadread_tcga_pub	TCGA-A6-3807	TCGA-A6-3807-01	Colorectal Adenocarcinoma	Colon Adenocarcinoma	1	MSI/CIMP	0.3442	Sigmoid Colon	0	3	1	Cluster4	0	1	MSS	70	COAD	10.91	LIVING	3 - left colon	T3	1	Primary	1	Female	Matched	Stage IIIC
coadread_tcga_pub	TCGA-A6-3808	TCGA-A6-3808-01	Colorectal Adenocarcinoma	Colorectal Adenocarcinoma	0	MSI/CIMP	NA	Cecum	0	NA	1	Cluster3	0	1	MSI-L	97	COADREAD	9.13	LIVING	1 - right colon	T3	1	Primary	1	Male	Matched	Stage IIA
coadread_tcga_pub	TCGA-A6-3809	TCGA-A6-3809-01	Colorectal Adenocarcinoma	Colorectal Adenocarcinoma	0	MSI/CIMP	NA	Transverse Colon	NA	NA	1	CIMP.H	1	1	MSI-H	NA	COADREAD	10.28	LIVING	2 - transverse colon	NA	1	Primary	0	Female	Matched	Stage IIB
coadread_tcga_pub	TCGA-A6-3810	TCGA-A6-3810-01	Colorectal Adenocarcinoma	Colon Adenocarcinoma	0	MSI/CIMP	0.5157	Sigmoid Colon	0	NA	1	Cluster4	0	1	MSS	96	COAD	8.08	LIVING	3 - left colon	T3	1	Primary	1	Male	Matched	Stage IIA
coadread_tcga_pub	TCGA-A6-4107	TCGA-A6-4107-01	Colorectal Adenocarcinoma	Colon Adenocarcinoma	1	NA	0.2565	Ascending Colon	NA	NA	1	NA	NA	0	MSS	NA	COAD	7.59	LIVING	1 - right colon	T3	1	Primary	0	Female	Matched	Stage IIIB
coadread_tcga_pub	TCGA-AA-3488	TCGA-AA-3488-01	Colorectal Adenocarcinoma	Colon Adenocarcinoma	1	NA	0.5933	Sigmoid Colon	NA	NA	1	NA	NA	0	MSS	NA	COAD	4.99	DECEASED	3 - left colon	T3	1	Primary	0	Male	Matched	Stage IV
coadread_tcga_pub	TCGA-AA-3492	TCGA-AA-3492-01	Colorectal Adenocarcinoma	Colon Adenocarcinoma	1	NA	0.0047	Ascending Colon	NA	NA	1	NA	NA	0	MSI-H	NA	COAD	0	LIVING	1 - right colon	T3	1	Primary	0	Female	Matched	Stage IIA
coadread_tcga_pub	TCGA-AA-3494	TCGA-AA-3494-01	Colorectal Adenocarcinoma	Colon Adenocarcinoma	1	NA	0.4035	Sigmoid Colon	NA	NA	1	NA	NA	0	MSS	NA	COAD	1.02	LIVING	3 - left colon	T3	1	Primary	0	Male	Matched	Stage IV
coadread_tcga_pub	TCGA-AA-3495	TCGA-AA-3495-01	Colorectal Adenocarcinoma	Colon Adenocarcinoma	1	NA	0.2107	Hepatic Flexure	NA	NA	1	NA	NA	0	MSS	NA	COAD	1.02	LIVING	1 - right colon	T2	1	Primary	0	Male	Matched	Stage I
coadread_tcga_pub	TCGA-AA-3502	TCGA-AA-3502-01	Colorectal Adenocarcinoma	Colon Adenocarcinoma	1	NA	0.1218	Transverse Colon	NA	NA	1	NA	NA	0	MSI-L	NA	COAD	1.02	LIVING	2 - transverse colon	T2	1	Primary	0	Male	Matched	Stage I
coadread_tcga_pub	TCGA-AA-3506	TCGA-AA-3506-01	Colorectal Adenocarcinoma	Colon Adenocarcinoma	1	NA	0.1853	Hepatic Flexure	NA	NA	1	NA	NA	0	MSS	NA	COAD	0	LIVING	1 - right colon	T2	1	Primary	0	Male	Matched	Stage I
coadread_tcga_pub	TCGA-AA-3509	TCGA-AA-3509-01	Colorectal Adenocarcinoma	Colon Adenocarcinoma	0	NA	NA	Sigmoid Colon	NA	NA	1	NA	NA	0	MSS	NA	COAD	0	LIVING	3 - left colon	T3	1	Primary	0	Female	Matched	Stage IIA
coadread_tcga_pub	TCGA-AA-3510	TCGA-AA-3510-01	Colorectal Adenocarcinoma	Colon Adenocarcinoma	1	NA	0.0002	Transverse Colon	NA	NA	1	NA	NA	0	MSS	NA	COAD	1.02	LIVING	2 - transverse colon	T3	1	Primary	0	Male	Matched	Stage IIA
coadread_tcga_pub	TCGA-AA-3514	TCGA-AA-3514-01	Colorectal Adenocarcinoma	Colon Adenocarcinoma	1	MSI/CIMP	0.0782	Ascending Colon	0	2b	1	Cluster3	0	1	MSS	59	COAD	0	LIVING	1 - right colon	T2	1	Primary	1	Female	Matched	Stage I
coadread_tcga_pub	TCGA-AA-3516	TCGA-AA-3516-01	Colorectal Adenocarcinoma	Colorectal Adenocarcinoma	1	MSI/CIMP	0.0096	Ascending Colon	1	2a	1	CIMP.H	1	1	MSI-H	690	COADREAD	0	LIVING	1 - right colon	T3	1	Primary	1	Female	Matched	Stage IIIB
coadread_tcga_pub	TCGA-AA-3517	TCGA-AA-3517-01	Colorectal Adenocarcinoma	Colon Adenocarcinoma	1	CIN	0.3710	Splenic Flexure	0	3	1	Cluster4	0	1	MSI-L	28	COAD	0	LIVING	3 - left colon	T3	1	Primary	1	Male	Matched	Stage IIA
coadread_tcga_pub	TCGA-AA-3518	TCGA-AA-3518-01	Colorectal Adenocarcinoma	Colon Adenocarcinoma	1	MSI/CIMP	0.0026	Cecum	1	2a	1	CIMP.H	1	1	MSI-H	412	COAD	1.02	LIVING	1 - right colon	T3	1	Primary	1	Female	Matched	Stage IIA
coadread_tcga_pub	TCGA-AA-3519	TCGA-AA-3519-01	Colorectal Adenocarcinoma	Colon Adenocarcinoma	1	CIN	0.3694	Rectosigmoid Junction	0	3	1	Cluster3	0	1	MSS	37	COAD	0	LIVING	4 - rectum	T3	1	Primary	1	Male	Matched	Stage IIIB
coadread_tcga_pub	TCGA-AA-3520	TCGA-AA-3520-01	Colorectal Adenocarcinoma	Colon Adenocarcinoma	1	Invasive	0.1899	Ascending Colon	0	2b	1	Cluster3	0	1	MSI-L	53	COAD	0	LIVING	1 - right colon	T3	1	Primary	1	Female	Matched	Stage IIA
coadread_tcga_pub	TCGA-AA-3521	TCGA-AA-3521-01	Colorectal Adenocarcinoma	Colon Adenocarcinoma	1	CIN	0.2428	Sigmoid Colon	0	3	1	Cluster3	0	1	MSS	43	COAD	0	LIVING	3 - left colon	T3	1	Primary	1	Male	Matched	Stage IIA
coadread_tcga_pub	TCGA-AA-3522	TCGA-AA-3522-01	Colorectal Adenocarcinoma	Colon Adenocarcinoma	1	Invasive	0.2992	Ascending Colon	0	2b	1	CIMP.L	0	1	MSS	43	COAD	0	LIVING	1 - right colon	T3	1	Primary	1	Male	Matched	Stage IIA
coadread_tcga_pub	TCGA-AA-3524	TCGA-AA-3524-01	Colorectal Adenocarcinoma	Colon Adenocarcinoma	1	Invasive	0.1879	Sigmoid Colon	0	1	1	Cluster4	0	1	MSS	39	COAD	0	LIVING	3 - left colon	T3	1	Primary	1	Male	Matched	Stage IIA
coadread_tcga_pub	TCGA-AA-3525	TCGA-AA-3525-01	Colorectal Adenocarcinoma	Colon Adenocarcinoma	1	MSI/CIMP	0.0018	Hepatic Flexure	1	2a	1	CIMP.H	1	1	MSI-H	468	COAD	0	LIVING	1 - right colon	T3	1	Primary	1	Male	Matched	Stage IIIB
coadread_tcga_pub	TCGA-AA-3526	TCGA-AA-3526-01	Colorectal Adenocarcinoma	Colon Adenocarcinoma	1	MSI/CIMP	0.1245	Sigmoid Colon	0	NA	0	Cluster3	0	1	MSI-L	45	COAD	0.99	LIVING	3 - left colon	T2	1	Primary	1	Male	Matched	Stage I
coadread_tcga_pub	TCGA-AA-3527	TCGA-AA-3527-01	Colorectal Adenocarcinoma	Colon Adenocarcinoma	1	CIN	0.0639	Cecum	0	2a	1	CIMP.L	0	1	MSS	67	COAD	0	LIVING	1 - right colon	T3	1	Primary	1	Female	Matched	Stage IIA
coadread_tcga_pub	TCGA-AA-3529	TCGA-AA-3529-01	Colorectal Adenocarcinoma	Colon Adenocarcinoma	1	CIN	0.1815	Sigmoid Colon	0	1	1	Cluster4	0	1	MSI-L	45	COAD	0	DECEASED	3 - left colon	T3	1	Primary	1	Female	Matched	Stage IIIC
coadread_tcga_pub	TCGA-AA-3530	TCGA-AA-3530-01	Colorectal Adenocarcinoma	Colon Adenocarcinoma	1	CIN	0.1065	Cecum	0	3	1	Cluster4	0	1	MSS	70	COAD	0	LIVING	1 - right colon	T2	1	Primary	1	Male	Matched	Stage I
coadread_tcga_pub	TCGA-AA-3531	TCGA-AA-3531-01	Colorectal Adenocarcinoma	Colon Adenocarcinoma	1	CIN	0.2786	Sigmoid Colon	0	3	1	Cluster4	0	1	MSI-L	57	COAD	0	LIVING	3 - left colon	T3	1	Primary	1	Female	Matched	Stage IIA
coadread_tcga_pub	TCGA-AA-3532	TCGA-AA-3532-01	Colorectal Adenocarcinoma	Colon Adenocarcinoma	1	MSI/CIMP	0.3778	Sigmoid Colon	0	1	1	Cluster4	0	1	MSS	35	COAD	0	LIVING	3 - left colon	T3	1	Primary	1	Male	Matched	Stage IIA
coadread_tcga_pub	TCGA-AA-3534	TCGA-AA-3534-01	Colorectal Adenocarcinoma	Colon Adenocarcinoma	1	CIN	0.7359	Ascending Colon	0	2b	1	Cluster3	0	1	MSS	51	COAD	0	LIVING	1 - right colon	T3	1	Primary	1	Female	Matched	Stage IIA
coadread_tcga_pub	TCGA-AA-3538	TCGA-AA-3538-01	Colorectal Adenocarcinoma	Colon Adenocarcinoma	1	CIN	0.3380	Descending Colon	0	1	1	Cluster4	0	1	MSS	32	COAD	0	LIVING	3 - left colon	T2	1	Primary	1	Female	Matched	Stage I
coadread_tcga_pub	TCGA-AA-3542	TCGA-AA-3542-01	Colorectal Adenocarcinoma	Colon Adenocarcinoma	1	CIN	0.5186	Sigmoid Colon	0	NA	0	Cluster4	0	1	MSS	165	COAD	0	LIVING	3 - left colon	T3	1	Primary	1	Male	Matched	Stage IIIC
coadread_tcga_pub	TCGA-AA-3543	TCGA-AA-3543-01	Colorectal Adenocarcinoma	Colorectal Adenocarcinoma	1	MSI/CIMP	0.0474	Cecum	1	2b	1	CIMP.H	1	1	MSI-H	192	COADREAD	0	LIVING	1 - right colon	T2	1	Primary	1	Male	Matched	Stage I
coadread_tcga_pub	TCGA-AA-3544	TCGA-AA-3544-01	Colorectal Adenocarcinoma	Colon Adenocarcinoma	1	CIN	0.3123	Sigmoid Colon	0	1	1	Cluster3	0	1	MSS	46	COAD	0	LIVING	3 - left colon	T2	1	Primary	1	Male	Matched	Stage I
coadread_tcga_pub	TCGA-AA-3548	TCGA-AA-3548-01	Colorectal Adenocarcinoma	Colon Adenocarcinoma	1	CIN	0.2886	Cecum	0	NA	0	Cluster3	0	1	MSS	31	COAD	0	LIVING	1 - right colon	T3	1	Primary	1	Female	Matched	Stage IIIC
coadread_tcga_pub	TCGA-AA-3549	TCGA-AA-3549-01	Colorectal Adenocarcinoma	Colon Adenocarcinoma	1	CIN	0.2247	Cecum	0	3	1	CIMP.L	0	1	MSS	51	COAD	0	LIVING	1 - right colon	T2	1	Primary	1	Male	Matched	Stage I
coadread_tcga_pub	TCGA-AA-3552	TCGA-AA-3552-01	Colorectal Adenocarcinoma	Colon Adenocarcinoma	1	Invasive	0.4467	Cecum	0	1	1	Cluster3	0	1	MSS	44	COAD	0	LIVING	1 - right colon	T3	1	Primary	1	Male	Matched	Stage IIIC
coadread_tcga_pub	TCGA-AA-3553	TCGA-AA-3553-01	Colorectal Adenocarcinoma	Colon Adenocarcinoma	1	CIN	0.4086	Sigmoid Colon	0	1	1	Cluster4	0	1	MSI-L	28	COAD	0	LIVING	3 - left colon	T2	1	Primary	1	Female	Matched	Stage I
coadread_tcga_pub	TCGA-AA-3554	TCGA-AA-3554-01	Colorectal Adenocarcinoma	Colon Adenocarcinoma	1	MSI/CIMP	0.0054	Ascending Colon	1	2a	1	Cluster4	0	1	MSI-H	245	COAD	0	LIVING	1 - right colon	T3	1	Primary	1	Female	Matched	Stage IIA
coadread_tcga_pub	TCGA-AA-3555	TCGA-AA-3555-01	Colorectal Adenocarcinoma	Colorectal Adenocarcinoma	1	MSI/CIMP	0.0004	Hepatic Flexure	1	2a	1	CIMP.L	0	1	MSS	722	COADREAD	0.99	LIVING	1 - right colon	T3	1	Primary	1	Female	Matched	Stage IIA
coadread_tcga_pub	TCGA-AA-3556	TCGA-AA-3556-01	Colorectal Adenocarcinoma	Colorectal Adenocarcinoma	1	MSI/CIMP	0.1326	Sigmoid Colon	0	2b	1	CIMP.L	0	1	MSS	30	COADREAD	0	LIVING	3 - left colon	T2	1	Primary	1	Male	Matched	Stage I
coadread_tcga_pub	TCGA-AA-3558	TCGA-AA-3558-01	Colorectal Adenocarcinoma	Colon Adenocarcinoma	1	Invasive	0.1554	Sigmoid Colon	0	2b	1	CIMP.L	0	1	MSS	95	COAD	0	LIVING	3 - left colon	T2	1	Primary	1	Male	Matched	NA
coadread_tcga_pub	TCGA-AA-3560	TCGA-AA-3560-01	Colorectal Adenocarcinoma	Colon Adenocarcinoma	1	CIN	0.4374	Sigmoid Colon	0	3	1	Cluster3	0	1	MSS	48	COAD	0	LIVING	3 - left colon	T3	1	Primary	1	Female	Matched	Stage IIIC
coadread_tcga_pub	TCGA-AA-3561	TCGA-AA-3561-01	Colorectal Adenocarcinoma	Colon Adenocarcinoma	1	Invasive	0.2301	Ascending Colon	0	3	1	Cluster3	0	1	MSS	37	COAD	0	LIVING	1 - right colon	T3	1	Primary	1	Male	Matched	Stage IIA
coadread_tcga_pub	TCGA-AA-3562	TCGA-AA-3562-01	Colorectal Adenocarcinoma	Colon Adenocarcinoma	1	CIN	0.3963	Descending Colon	0	1	1	Cluster3	0	1	MSS	32	COAD	1.02	LIVING	3 - left colon	T3	1	Primary	1	Male	Matched	Stage IIIC
coadread_tcga_pub	TCGA-AA-3664	TCGA-AA-3664-01	Colorectal Adenocarcinoma	Colon Adenocarcinoma	1	MSI/CIMP	0.2556	Cecum	0	2b	1	CIMP.H	1	1	MSS	125	COAD	0	LIVING	1 - right colon	T3	1	Primary	1	Female	Matched	Stage IIA
coadread_tcga_pub	TCGA-AA-3666	TCGA-AA-3666-01	Colorectal Adenocarcinoma	Colon Adenocarcinoma	1	Invasive	0.5738	Cecum	0	3	1	Cluster4	0	1	MSS	127	COAD	2	DECEASED	1 - right colon	T3	1	Primary	1	Male	Matched	Stage IIIB
coadread_tcga_pub	TCGA-AA-3667	TCGA-AA-3667-01	Colorectal Adenocarcinoma	Colon Adenocarcinoma	1	CIN	0.2932	Sigmoid Colon	0	1	1	Cluster4	0	1	MSI-L	58	COAD	0	LIVING	3 - left colon	T2	1	Primary	1	Female	Matched	Stage I
coadread_tcga_pub	TCGA-AA-3672	TCGA-AA-3672-01	Colorectal Adenocarcinoma	Colon Adenocarcinoma	1	MSI/CIMP	0.0463	Transverse Colon	1	2a	1	CIMP.H	1	1	MSI-H	1362	COAD	0	LIVING	2 - transverse colon	T3	1	Primary	1	Female	Matched	Stage IIIB
coadread_tcga_pub	TCGA-AA-3673	TCGA-AA-3673-01	Colorectal Adenocarcinoma	Colon Adenocarcinoma	1	Invasive	0.2291	Transverse Colon	0	1	1	CIMP.L	0	1	MSS	65	COAD	0	LIVING	2 - transverse colon	T3	1	Primary	1	Female	Matched	Stage IIA
coadread_tcga_pub	TCGA-AA-3675	TCGA-AA-3675-01	Colorectal Adenocarcinoma	Colon Adenocarcinoma	1	NA	0.0556	Hepatic Flexure	NA	NA	1	CIMP.L	0	0	MSS	NA	COAD	1.02	LIVING	1 - right colon	T3	1	Primary	0	Male	Matched	Stage IIA
coadread_tcga_pub	TCGA-AA-3678	TCGA-AA-3678-01	Colorectal Adenocarcinoma	Colon Adenocarcinoma	1	CIN	0.2924	Sigmoid Colon	0	1	1	Cluster4	0	1	MSS	60	COAD	0	LIVING	3 - left colon	T2	1	Primary	1	Female	Matched	Stage IIIA
coadread_tcga_pub	TCGA-AA-3679	TCGA-AA-3679-01	Colorectal Adenocarcinoma	Colon Adenocarcinoma	1	CIN	0.5643	Descending Colon	0	3	1	Cluster4	0	1	MSS	55	COAD	0.99	LIVING	3 - left colon	T3	1	Primary	1	Male	Matched	Stage IV
coadread_tcga_pub	TCGA-AA-3680	TCGA-AA-3680-01	Colorectal Adenocarcinoma	Colon Adenocarcinoma	1	Invasive	0.1345	Cecum	0	2a	1	CIMP.L	0	1	MSI-L	91	COAD	0	LIVING	1 - right colon	NA	1	Primary	1	Female	Matched	Stage IV
coadread_tcga_pub	TCGA-AA-3681	TCGA-AA-3681-01	Colorectal Adenocarcinoma	Colon Adenocarcinoma	1	MSI/CIMP	0.3097	Cecum	0	2b	1	CIMP.L	0	1	MSS	95	COAD	0	LIVING	1 - right colon	T3	1	Primary	1	Female	Matched	Stage IIIB
coadread_tcga_pub	TCGA-AA-3684	TCGA-AA-3684-01	Colorectal Adenocarcinoma	Colorectal Adenocarcinoma	1	MSI/CIMP	0.0160	Cecum	0	2a	1	CIMP.L	0	1	MSS	92	COADREAD	0	LIVING	1 - right colon	NA	1	Primary	1	Female	Matched	Stage IV
coadread_tcga_pub	TCGA-AA-3685	TCGA-AA-3685-01	Colorectal Adenocarcinoma	Colon Adenocarcinoma	1	Invasive	0.5316	Sigmoid Colon	0	NA	0	Cluster4	0	1	MSS	63	COAD	0.99	LIVING	3 - left colon	T3	1	Primary	1	Male	Matched	Stage IIA
coadread_tcga_pub	TCGA-AA-3688	TCGA-AA-3688-01	Colorectal Adenocarcinoma	Colon Adenocarcinoma	1	CIN	0.3690	Sigmoid Colon	0	3	1	Cluster4	0	1	MSI-L	52	COAD	0	LIVING	3 - left colon	T3	1	Primary	1	Male	Matched	Stage IV
coadread_tcga_pub	TCGA-AA-3692	TCGA-AA-3692-01	Colorectal Adenocarcinoma	Colorectal Adenocarcinoma	1	Invasive	0.2305	Splenic Flexure	0	1	1	Cluster4	0	1	MSI-L	52	COADREAD	0	LIVING	3 - left colon	T3	1	Primary	1	Female	Matched	Stage IV
coadread_tcga_pub	TCGA-AA-3693	TCGA-AA-3693-01	Colorectal Adenocarcinoma	Colon Adenocarcinoma	1	CIN	0.3546	Sigmoid Colon	0	3	1	Cluster4	0	1	MSS	110	COAD	0	LIVING	3 - left colon	NA	1	Primary	1	Female	Matched	Stage IV
coadread_tcga_pub	TCGA-AA-3695	TCGA-AA-3695-01	Colorectal Adenocarcinoma	Colon Adenocarcinoma	1	CIN	0.4547	Cecum	0	NA	0	CIMP.L	0	1	MSS	132	COAD	0	LIVING	1 - right colon	T3	1	Primary	1	Female	Matched	Stage IV
coadread_tcga_pub	TCGA-AA-3696	TCGA-AA-3696-01	Colorectal Adenocarcinoma	Colon Adenocarcinoma	1	CIN	0.2657	Sigmoid Colon	0	2b	1	Cluster4	0	1	MSS	75	COAD	0	LIVING	3 - left colon	T3	1	Primary	1	Female	Matched	Stage IV
coadread_tcga_pub	TCGA-AA-3710	TCGA-AA-3710-01	Colorectal Adenocarcinoma	Colon Adenocarcinoma	1	MSI/CIMP	0.0505	Hepatic Flexure	1	2a	1	CIMP.H	1	1	MSI-H	967	COAD	1.02	LIVING	1 - right colon	T3	1	Primary	1	Female	Matched	Stage IIA
coadread_tcga_pub	TCGA-AA-3715	TCGA-AA-3715-01	Colorectal Adenocarcinoma	Colon Adenocarcinoma	1	MSI/CIMP	0.0470	Ascending Colon	1	2b	1	CIMP.H	1	1	MSI-H	1482	COAD	0.99	LIVING	1 - right colon	T3	1	Primary	1	Male	Matched	Stage IIA
coadread_tcga_pub	TCGA-AA-3811	TCGA-AA-3811-01	Colorectal Adenocarcinoma	Colon Adenocarcinoma	0	MSI/CIMP	0.2961	Hepatic Flexure	1	NA	1	Cluster4	1	1	MSI-H	810	COAD	0.99	LIVING	1 - right colon	T3	1	Primary	1	Female	Matched	Stage IIIB
coadread_tcga_pub	TCGA-AA-3812	TCGA-AA-3812-01	Colorectal Adenocarcinoma	Colon Adenocarcinoma	1	MSI/CIMP	0.0678	Sigmoid Colon	0	2b	1	Cluster4	0	1	MSS	80	COAD	0	LIVING	3 - left colon	T3	1	Primary	1	Female	Matched	Stage IIA
coadread_tcga_pub	TCGA-AA-3814	TCGA-AA-3814-01	Colorectal Adenocarcinoma	Colon Adenocarcinoma	1	MSI/CIMP	0.1068	Ascending Colon	0	3	1	Cluster3	0	1	MSS	78	COAD	0	LIVING	1 - right colon	T3	1	Primary	1	Female	Matched	Stage IIA
coadread_tcga_pub	TCGA-AA-3815	TCGA-AA-3815-01	Colorectal Adenocarcinoma	Colon Adenocarcinoma	0	MSI/CIMP	NA	Cecum	NA	NA	1	CIMP.H	1	1	MSI-H	NA	COAD	0	LIVING	1 - right colon	T3	1	Primary	0	Female	Matched	Stage IIA
coadread_tcga_pub	TCGA-AA-3818	TCGA-AA-3818-01	Colorectal Adenocarcinoma	Colon Adenocarcinoma	1	Invasive	0.1748	Hepatic Flexure	0	2b	1	CIMP.L	0	1	MSS	102	COAD	0.99	DECEASED	1 - right colon	T3	1	Primary	1	Female	Matched	Stage IIA
coadread_tcga_pub	TCGA-AA-3819	TCGA-AA-3819-01	Colorectal Adenocarcinoma	Colon Adenocarcinoma	1	CIN	0.1242	Sigmoid Colon	0	3	1	Cluster3	0	1	MSI-L	137	COAD	0	LIVING	3 - left colon	T3	1	Primary	1	Female	Matched	Stage IIA
coadread_tcga_pub	TCGA-AA-3821	TCGA-AA-3821-01	Colorectal Adenocarcinoma	Colorectal Adenocarcinoma	1	MSI/CIMP	0.0002	Hepatic Flexure	1	2a	1	CIMP.H	1	1	MSI-H	633	COADREAD	0	LIVING	1 - right colon	T2	1	Primary	1	Female	Matched	Stage I
coadread_tcga_pub	TCGA-AA-3831	TCGA-AA-3831-01	Colorectal Adenocarcinoma	Colon Adenocarcinoma	1	Invasive	0.0012	Sigmoid Colon	0	2a	1	CIMP.L	0	1	MSS	94	COAD	0	LIVING	3 - left colon	T3	1	Primary	1	Male	Matched	Stage IIA
coadread_tcga_pub	TCGA-AA-3833	TCGA-AA-3833-01	Colorectal Adenocarcinoma	Colon Adenocarcinoma	1	MSI/CIMP	0.0002	Ascending Colon	1	2a	1	CIMP.H	1	1	MSI-H	382	COAD	0	LIVING	1 - right colon	T3	1	Primary	1	Female	Matched	Stage IIA
coadread_tcga_pub	TCGA-AA-3837	TCGA-AA-3837-01	Colorectal Adenocarcinoma	Colorectal Adenocarcinoma	1	CIN	0.2128	Hepatic Flexure	0	2b	1	CIMP.H	0	1	MSS	105	COADREAD	1.02	LIVING	1 - right colon	T3	1	Primary	1	Male	Matched	Stage IIA
coadread_tcga_pub	TCGA-AA-3841	TCGA-AA-3841-01	Colorectal Adenocarcinoma	Colon Adenocarcinoma	1	NA	0.4617	Sigmoid Colon	NA	NA	1	NA	NA	0	MSS	NA	COAD	0	LIVING	3 - left colon	T3	1	Primary	0	Male	Matched	Stage IIA
coadread_tcga_pub	TCGA-AA-3842	TCGA-AA-3842-01	Colorectal Adenocarcinoma	Colon Adenocarcinoma	1	MSI/CIMP	0.4471	Sigmoid Colon	0	1	1	CIMP.L	0	1	MSS	56	COAD	1.02	LIVING	3 - left colon	T2	1	Primary	1	Male	Matched	Stage IIIA
coadread_tcga_pub	TCGA-AA-3844	TCGA-AA-3844-01	Colorectal Adenocarcinoma	Colon Adenocarcinoma	0	Invasive	0.3323	Sigmoid Colon	0	NA	1	Cluster3	0	1	MSS	85	COAD	0.92	LIVING	3 - left colon	T3	1	Primary	1	Female	Matched	Stage IIIC
coadread_tcga_pub	TCGA-AA-3845	TCGA-AA-3845-01	Colorectal Adenocarcinoma	Colorectal Adenocarcinoma	1	MSI/CIMP	0.0892	Ascending Colon	1	2a	1	CIMP.H	1	1	MSI-H	661	COADREAD	0	DECEASED	1 - right colon	T3	1	Primary	1	Female	Matched	Stage IIA
coadread_tcga_pub	TCGA-AA-3846	TCGA-AA-3846-01	Colorectal Adenocarcinoma	Colon Adenocarcinoma	1	CIN	0.3878	Sigmoid Colon	0	3	1	Cluster3	0	1	MSS	69	COAD	0.99	LIVING	3 - left colon	T3	1	Primary	1	Female	Matched	Stage IIA
coadread_tcga_pub	TCGA-AA-3848	TCGA-AA-3848-01	Colorectal Adenocarcinoma	Colon Adenocarcinoma	1	CIN	0.1757	Sigmoid Colon	0	3	1	CIMP.L	0	1	MSS	104	COAD	0.99	LIVING	3 - left colon	T3	1	Primary	1	Female	Matched	Stage IIIC
coadread_tcga_pub	TCGA-AA-3850	TCGA-AA-3850-01	Colorectal Adenocarcinoma	Colon Adenocarcinoma	0	Invasive	0.0010	Transverse Colon	0	NA	1	CIMP.L	0	1	MSS	77	COAD	0	DECEASED	2 - transverse colon	T2	1	Primary	1	Male	Matched	Stage I
coadread_tcga_pub	TCGA-AA-3851	TCGA-AA-3851-01	Colorectal Adenocarcinoma	Colon Adenocarcinoma	1	Invasive	0.4916	Ascending Colon	0	1	1	Cluster3	0	1	MSS	71	COAD	0	LIVING	1 - right colon	T3	1	Primary	1	Male	Matched	Stage IIA
coadread_tcga_pub	TCGA-AA-3852	TCGA-AA-3852-01	Colorectal Adenocarcinoma	Colorectal Adenocarcinoma	1	MSI/CIMP	0.2282	Transverse Colon	0	2b	1	CIMP.L	0	1	MSI-L	110	COADREAD	0	DECEASED	2 - transverse colon	T3	1	Primary	1	Male	Matched	Stage IIA
coadread_tcga_pub	TCGA-AA-3854	TCGA-AA-3854-01	Colorectal Adenocarcinoma	Colorectal Adenocarcinoma	1	Invasive	0.1273	Sigmoid Colon	0	2b	1	CIMP.L	0	1	MSI-L	109	COADREAD	1.02	LIVING	3 - left colon	T2	1	Primary	1	Female	Matched	Stage I
coadread_tcga_pub	TCGA-AA-3855	TCGA-AA-3855-01	Colorectal Adenocarcinoma	Colon Adenocarcinoma	1	Invasive	0.3279	Sigmoid Colon	0	3	1	CIMP.L	0	1	MSI-L	105	COAD	0	LIVING	3 - left colon	T2	1	Primary	1	Male	Matched	Stage I
coadread_tcga_pub	TCGA-AA-3856	TCGA-AA-3856-01	Colorectal Adenocarcinoma	Colon Adenocarcinoma	1	Invasive	0.3329	Sigmoid Colon	0	1	1	Cluster4	0	1	MSS	49	COAD	0	LIVING	3 - left colon	T3	1	Primary	1	Male	Matched	Stage IIA
coadread_tcga_pub	TCGA-AA-3858	TCGA-AA-3858-01	Colorectal Adenocarcinoma	Colon Adenocarcinoma	1	CIN	0.2739	Sigmoid Colon	0	1	1	Cluster3	0	1	MSS	44	COAD	0	LIVING	3 - left colon	T2	1	Primary	1	Male	Matched	Stage I
coadread_tcga_pub	TCGA-AA-3860	TCGA-AA-3860-01	Colorectal Adenocarcinoma	Colon Adenocarcinoma	1	MSI/CIMP	0.7704	Sigmoid Colon	0	3	1	Cluster4	0	1	MSS	34	COAD	0	LIVING	3 - left colon	T3	1	Primary	1	Female	Matched	Stage IIIB
coadread_tcga_pub	TCGA-AA-3861	TCGA-AA-3861-01	Colorectal Adenocarcinoma	Colon Adenocarcinoma	0	Invasive	NA	Cecum	NA	NA	1	CIMP.L	0	1	MSI-L	NA	COAD	0	LIVING	1 - right colon	T3	1	Primary	0	Male	Matched	Stage IIA
coadread_tcga_pub	TCGA-AA-3862	TCGA-AA-3862-01	Colorectal Adenocarcinoma	Colon Adenocarcinoma	0	Invasive	NA	Transverse Colon	NA	NA	1	Cluster4	0	1	MSS	NA	COAD	1.02	LIVING	2 - transverse colon	T3	1	Primary	0	Male	Matched	Stage IIA
coadread_tcga_pub	TCGA-AA-3864	TCGA-AA-3864-01	Colorectal Adenocarcinoma	Colon Adenocarcinoma	1	MSI/CIMP	0.0008	Cecum	1	2a	1	Cluster3	0	1	MSI-H	1940	COAD	0	LIVING	1 - right colon	T3	1	Primary	1	Male	Matched	Stage IIA
coadread_tcga_pub	TCGA-AA-3866	TCGA-AA-3866-01	Colorectal Adenocarcinoma	Colon Adenocarcinoma	1	MSI/CIMP	0.3460	Cecum	0	3	1	Cluster3	0	1	MSI-L	90	COAD	0	LIVING	1 - right colon	T2	1	Primary	1	Female	Matched	Stage I
coadread_tcga_pub	TCGA-AA-3867	TCGA-AA-3867-01	Colorectal Adenocarcinoma	Colon Adenocarcinoma	0	CIN	0.2456	Sigmoid Colon	0	NA	1	Cluster4	0	1	MSS	80	COAD	0	LIVING	3 - left colon	T3	1	Primary	1	Male	Matched	Stage IV
coadread_tcga_pub	TCGA-AA-3869	TCGA-AA-3869-01	Colorectal Adenocarcinoma	Colon Adenocarcinoma	1	Invasive	0.4115	Cecum	0	1	1	Cluster4	0	1	MSS	61	COAD	0	LIVING	1 - right colon	NA	1	Primary	1	Male	Matched	Stage IV
coadread_tcga_pub	TCGA-AA-3870	TCGA-AA-3870-01	Colorectal Adenocarcinoma	Colon Adenocarcinoma	1	MSI/CIMP	0.3140	Ascending Colon	0	2b	1	CIMP.H	0	1	MSS	95	COAD	0	LIVING	1 - right colon	T3	1	Primary	1	Female	Matched	Stage IV
coadread_tcga_pub	TCGA-AA-3872	TCGA-AA-3872-01	Colorectal Adenocarcinoma	Colon Adenocarcinoma	1	MSI/CIMP	0.4529	Sigmoid Colon	0	1	1	Cluster4	0	1	MSS	46	COAD	0	LIVING	3 - left colon	NA	1	Primary	1	Male	Matched	Stage IV
coadread_tcga_pub	TCGA-AA-3875	TCGA-AA-3875-01	Colorectal Adenocarcinoma	Colon Adenocarcinoma	1	CIN	0.0867	Ascending Colon	0	2b	1	Cluster3	0	1	MSS	100	COAD	0	LIVING	1 - right colon	T1	1	Primary	1	Female	Matched	Stage I
coadread_tcga_pub	TCGA-AA-3877	TCGA-AA-3877-01	Colorectal Adenocarcinoma	Colorectal Adenocarcinoma	1	MSI/CIMP	0.0559	Transverse Colon	1	2a	1	CIMP.H	1	1	MSI-H	772	COADREAD	0.99	LIVING	2 - transverse colon	T1	1	Primary	1	Female	Matched	Stage I
coadread_tcga_pub	TCGA-AA-3930	TCGA-AA-3930-01	Colorectal Adenocarcinoma	Colon Adenocarcinoma	1	MSI/CIMP	0.3057	Ascending Colon	0	2b	1	CIMP.L	0	1	MSI-L	114	COAD	0	LIVING	1 - right colon	T3	1	Primary	1	Male	Matched	Stage IV
coadread_tcga_pub	TCGA-AA-3939	TCGA-AA-3939-01	Colorectal Adenocarcinoma	Colon Adenocarcinoma	1	Invasive	0.6133	Ascending Colon	0	2b	1	Cluster3	0	1	MSS	101	COAD	0.99	LIVING	1 - right colon	T3	1	Primary	1	Male	Matched	Stage IIA
coadread_tcga_pub	TCGA-AA-3941	TCGA-AA-3941-01	Colorectal Adenocarcinoma	Colon Adenocarcinoma	0	Invasive	0.4169	Ascending Colon	0	NA	1	CIMP.H	0	1	MSI-L	93	COAD	1.02	LIVING	1 - right colon	NA	1	Primary	1	Female	Matched	Stage IVA
coadread_tcga_pub	TCGA-AA-3947	TCGA-AA-3947-01	Colorectal Adenocarcinoma	Colorectal Adenocarcinoma	1	MSI/CIMP	0.0014	Ascending Colon	1	2a	1	CIMP.H	1	1	MSI-H	1229	COADREAD	0.99	LIVING	1 - right colon	NA	1	Primary	1	Female	Matched	Stage IIB
coadread_tcga_pub	TCGA-AA-3949	TCGA-AA-3949-01	Colorectal Adenocarcinoma	Colorectal Adenocarcinoma	1	MSI/CIMP	0.0004	Ascending Colon	1	2a	1	CIMP.H	1	1	MSI-H	658	COADREAD	0.99	LIVING	1 - right colon	T3	1	Primary	1	Female	Matched	Stage IIIB
coadread_tcga_pub	TCGA-AA-3950	TCGA-AA-3950-01	Colorectal Adenocarcinoma	Colorectal Adenocarcinoma	1	MSI/CIMP	0.1008	Ascending Colon	NA	NA	1	CIMP.H	1	1	MSI-H	NA	COADREAD	1.02	LIVING	1 - right colon	T3	1	Primary	0	Female	Matched	Stage IIA
coadread_tcga_pub	TCGA-AA-3952	TCGA-AA-3952-01	Colorectal Adenocarcinoma	Colon Adenocarcinoma	1	MSI/CIMP	0.3808	Descending Colon	0	2b	1	Cluster4	0	1	MSS	64	COAD	2	DECEASED	3 - left colon	T3	1	Primary	1	Male	Matched	Stage IIIC
coadread_tcga_pub	TCGA-AA-3955	TCGA-AA-3955-01	Colorectal Adenocarcinoma	Colon Adenocarcinoma	1	CIN	0.3101	Descending Colon	0	3	1	Cluster4	0	1	MSS	99	COAD	0	LIVING	3 - left colon	T2	1	Primary	1	Male	Matched	Stage IIIB
coadread_tcga_pub	TCGA-AA-3956	TCGA-AA-3956-01	Colorectal Adenocarcinoma	Colon Adenocarcinoma	1	CIN	0.1821	Cecum	0	1	1	Cluster3	0	1	MSS	108	COAD	0	LIVING	1 - right colon	T3	1	Primary	1	Male	Matched	Stage IIA
coadread_tcga_pub	TCGA-AA-3966	TCGA-AA-3966-01	Colorectal Adenocarcinoma	Colorectal Adenocarcinoma	1	MSI/CIMP	0.2030	Hepatic Flexure	1	2b	1	CIMP.L	1	1	MSI-H	901	COADREAD	1.02	LIVING	1 - right colon	T3	1	Primary	1	Female	Matched	Stage IIA
coadread_tcga_pub	TCGA-AA-3968	TCGA-AA-3968-01	Colorectal Adenocarcinoma	Colon Adenocarcinoma	1	CIN	0.5075	Sigmoid Colon	NA	NA	1	Cluster3	0	1	MSS	NA	COAD	0	LIVING	3 - left colon	T2	1	Primary	0	Female	Matched	Stage I
coadread_tcga_pub	TCGA-AA-3970	TCGA-AA-3970-01	Colorectal Adenocarcinoma	Colon Adenocarcinoma	0	NA	NA	Sigmoid Colon	NA	NA	1	Cluster3	0	0	MSS	NA	COAD	0	LIVING	3 - left colon	T3	1	Primary	0	Male	Matched	Stage IIA
coadread_tcga_pub	TCGA-AA-3971	TCGA-AA-3971-01	Colorectal Adenocarcinoma	Colon Adenocarcinoma	1	CIN	0.4059	Sigmoid Colon	0	1	1	Cluster4	0	1	MSS	60	COAD	0	LIVING	3 - left colon	T3	1	Primary	1	Male	Matched	Stage IIIB
coadread_tcga_pub	TCGA-AA-3972	TCGA-AA-3972-01	Colorectal Adenocarcinoma	Colon Adenocarcinoma	1	CIN	0.4502	Sigmoid Colon	0	3	1	CIMP.L	0	1	MSI-L	84	COAD	0	LIVING	3 - left colon	T3	1	Primary	1	Male	Matched	Stage IV
coadread_tcga_pub	TCGA-AA-3973	TCGA-AA-3973-01	Colorectal Adenocarcinoma	Colon Adenocarcinoma	1	CIN	0.1952	Sigmoid Colon	0	3	1	Cluster4	0	1	MSI-L	68	COAD	0	LIVING	3 - left colon	NA	1	Primary	1	Male	Matched	Stage IV
coadread_tcga_pub	TCGA-AA-3975	TCGA-AA-3975-01	Colorectal Adenocarcinoma	Colon Adenocarcinoma	1	CIN	0.2591	Sigmoid Colon	0	1	1	Cluster4	0	1	MSS	99	COAD	0.99	LIVING	3 - left colon	T2	1	Primary	1	Male	Matched	Stage I
coadread_tcga_pub	TCGA-AA-3976	TCGA-AA-3976-01	Colorectal Adenocarcinoma	Colon Adenocarcinoma	1	CIN	0.4991	Sigmoid Colon	0	1	1	Cluster3	0	1	MSS	68	COAD	0	LIVING	3 - left colon	T2	1	Primary	1	Male	Matched	Stage IIIA
coadread_tcga_pub	TCGA-AA-3977	TCGA-AA-3977-01	Colorectal Adenocarcinoma	Colon Adenocarcinoma	1	MSI/CIMP	0.0008	Sigmoid Colon	1	2a	1	Cluster3	0	1	MSS	2916	COAD	1.02	LIVING	3 - left colon	T2	1	Primary	1	Male	Matched	NA
coadread_tcga_pub	TCGA-AA-3979	TCGA-AA-3979-01	Colorectal Adenocarcinoma	Colon Adenocarcinoma	1	Invasive	0.2946	Sigmoid Colon	0	1	1	CIMP.L	0	1	MSS	116	COAD	0	LIVING	3 - left colon	T3	1	Primary	1	Male	Matched	Stage IIA
coadread_tcga_pub	TCGA-AA-3980	TCGA-AA-3980-01	Colorectal Adenocarcinoma	Colon Adenocarcinoma	0	Invasive	NA	Sigmoid Colon	0	NA	1	Cluster3	0	1	MSS	79	COAD	0	LIVING	3 - left colon	T2	1	Primary	1	Female	Matched	Stage I
coadread_tcga_pub	TCGA-AA-3982	TCGA-AA-3982-01	Colorectal Adenocarcinoma	Colon Adenocarcinoma	0	CIN	0.1341	Sigmoid Colon	0	NA	1	Cluster3	0	1	MSI-L	85	COAD	0	LIVING	3 - left colon	T3	1	Primary	1	Male	Matched	Stage IIIB
coadread_tcga_pub	TCGA-AA-3984	TCGA-AA-3984-01	Colorectal Adenocarcinoma	Colon Adenocarcinoma	1	Invasive	0.1573	Sigmoid Colon	1	2b	1	Cluster4	0	1	MSS	3189	COAD	0	LIVING	3 - left colon	T3	1	Primary	1	Female	Matched	Stage IIA
coadread_tcga_pub	TCGA-AA-3986	TCGA-AA-3986-01	Colorectal Adenocarcinoma	Colon Adenocarcinoma	1	Invasive	0.0551	Transverse Colon	0	2b	1	Cluster3	0	1	MSS	59	COAD	0.99	LIVING	2 - transverse colon	T2	1	Primary	1	Male	Matched	Stage I
coadread_tcga_pub	TCGA-AA-3989	TCGA-AA-3989-01	Colorectal Adenocarcinoma	Colon Adenocarcinoma	1	Invasive	0.2031	Transverse Colon	0	3	1	CIMP.L	0	1	MSS	96	COAD	0	LIVING	2 - transverse colon	T3	1	Primary	1	Male	Matched	Stage IV
coadread_tcga_pub	TCGA-AA-3994	TCGA-AA-3994-01	Colorectal Adenocarcinoma	Colorectal Adenocarcinoma	1	MSI/CIMP	0.2117	Transverse Colon	0	2a	1	CIMP.H	0	1	MSS	143	COADREAD	0	LIVING	2 - transverse colon	T3	1	Primary	1	Male	Matched	Stage IIIB
coadread_tcga_pub	TCGA-AA-A004	TCGA-AA-A004-01	Colorectal Adenocarcinoma	Colon Adenocarcinoma	1	MSI/CIMP	0.3077	Sigmoid Colon	0	1	1	CIMP.L	0	1	MSI-L	55	COAD	13.93	LIVING	3 - left colon	T3	1	Primary	1	Male	Matched	Stage IIA
coadread_tcga_pub	TCGA-AA-A00A	TCGA-AA-A00A-01	Colorectal Adenocarcinoma	Colon Adenocarcinoma	1	MSI/CIMP	0.0122	Ascending Colon	1	2a	1	CIMP.H	0	1	MSI-H	324	COAD	18	LIVING	1 - right colon	T3	1	Primary	1	Male	Matched	Stage IIA
coadread_tcga_pub	TCGA-AA-A00D	TCGA-AA-A00D-01	Colorectal Adenocarcinoma	Colon Adenocarcinoma	1	MSI/CIMP	0.1967	Ascending Colon	0	1	1	CIMP.H	0	1	MSS	56	COAD	18.99	LIVING	1 - right colon	T2	1	Primary	1	Male	Matched	Stage I
coadread_tcga_pub	TCGA-AA-A00E	TCGA-AA-A00E-01	Colorectal Adenocarcinoma	Colon Adenocarcinoma	1	MSI/CIMP	0.0216	Ascending Colon	1	2a	1	CIMP.H	1	1	MSI-H	472	COAD	30	LIVING	1 - right colon	T3	1	Primary	1	Male	Matched	Stage IIA
coadread_tcga_pub	TCGA-AA-A00F	TCGA-AA-A00F-01	Colorectal Adenocarcinoma	Colon Adenocarcinoma	1	CIN	0.5739	Sigmoid Colon	0	3	1	Cluster3	0	1	MSS	31	COAD	34	LIVING	3 - left colon	T3	1	Primary	1	Male	Matched	Stage IIIC
coadread_tcga_pub	TCGA-AA-A00J	TCGA-AA-A00J-01	Colorectal Adenocarcinoma	Colorectal Adenocarcinoma	1	MSI/CIMP	0.0444	Ascending Colon	1	2a	1	CIMP.H	1	1	MSI-H	803	COADREAD	18	LIVING	1 - right colon	NA	1	Primary	1	Male	Matched	Stage IIIB
coadread_tcga_pub	TCGA-AA-A00K	TCGA-AA-A00K-01	Colorectal Adenocarcinoma	Colon Adenocarcinoma	1	Invasive	0.1388	Sigmoid Colon	0	2b	1	Cluster3	0	1	MSI-L	96	COAD	18	LIVING	3 - left colon	T3	1	Primary	1	Male	Matched	Stage IIA
coadread_tcga_pub	TCGA-AA-A00L	TCGA-AA-A00L-01	Colorectal Adenocarcinoma	Colon Adenocarcinoma	1	CIN	0.1802	Transverse Colon	0	3	1	Cluster3	0	1	MSS	47	COAD	16.99	LIVING	2 - transverse colon	T3	1	Primary	1	Male	Matched	Stage IIA
coadread_tcga_pub	TCGA-AA-A00N	TCGA-AA-A00N-01	Colorectal Adenocarcinoma	Colorectal Adenocarcinoma	1	MSI/CIMP	0.0007	Cecum	1	2a	1	Cluster4	0	1	MSI-L	3499	COADREAD	4.01	DECEASED	1 - right colon	NA	1	Primary	1	Male	Matched	Stage IIB
coadread_tcga_pub	TCGA-AA-A00O	TCGA-AA-A00O-01	Colorectal Adenocarcinoma	Colon Adenocarcinoma	1	CIN	0.1944	Sigmoid Colon	0	3	1	Cluster4	0	1	MSI-L	61	COAD	27.01	LIVING	3 - left colon	T3	1	Primary	1	Female	Matched	Stage IIIC
coadread_tcga_pub	TCGA-AA-A00Q	TCGA-AA-A00Q-01	Colorectal Adenocarcinoma	Colon Adenocarcinoma	1	CIN	0.2482	Sigmoid Colon	0	3	1	CIMP.L	0	1	MSS	24	COAD	27.01	LIVING	3 - left colon	NA	1	Primary	1	Female	Matched	Stage IIIB
coadread_tcga_pub	TCGA-AA-A00R	TCGA-AA-A00R-01	Colorectal Adenocarcinoma	Colon Adenocarcinoma	1	MSI/CIMP	0.0712	Cecum	1	2b	1	CIMP.L	1	1	MSI-H	304	COAD	0.99	LIVING	1 - right colon	T2	1	Primary	1	Female	Matched	Stage I
coadread_tcga_pub	TCGA-AA-A00U	TCGA-AA-A00U-01	Colorectal Adenocarcinoma	Colon Adenocarcinoma	1	Invasive	0.1412	Ascending Colon	0	1	1	CIMP.L	0	1	MSS	67	COAD	16.99	LIVING	1 - right colon	T3	1	Primary	1	Male	Matched	Stage IIIB
coadread_tcga_pub	TCGA-AA-A00W	TCGA-AA-A00W-01	Colorectal Adenocarcinoma	Colon Adenocarcinoma	1	Invasive	0.1540	Sigmoid Colon	0	3	1	Cluster3	0	1	MSS	22	COAD	14.98	LIVING	3 - left colon	T1	1	Primary	1	Male	Matched	Stage I
coadread_tcga_pub	TCGA-AA-A00Z	TCGA-AA-A00Z-01	Colorectal Adenocarcinoma	Colon Adenocarcinoma	1	CIN	0.1737	Sigmoid Colon	0	3	1	Cluster4	0	1	MSS	29	COAD	21.98	LIVING	3 - left colon	T3	1	Primary	1	Male	Matched	Stage IIA
coadread_tcga_pub	TCGA-AA-A010	TCGA-AA-A010-01	Colorectal Adenocarcinoma	Colon Adenocarcinoma	1	MSI/CIMP	0.0056	Transverse Colon	1	2a	1	Cluster4	0	1	MSI-L	6553	COAD	20.96	LIVING	2 - transverse colon	NA	1	Primary	1	Female	Matched	Stage IIB
coadread_tcga_pub	TCGA-AA-A017	TCGA-AA-A017-01	Colorectal Adenocarcinoma	Colon Adenocarcinoma	1	CIN	0.2310	Sigmoid Colon	0	1	1	Cluster4	0	1	MSS	49	COAD	15.01	LIVING	3 - left colon	T3	1	Primary	1	Female	Matched	Stage IIA
coadread_tcga_pub	TCGA-AA-A01C	TCGA-AA-A01C-01	Colorectal Adenocarcinoma	Colon Adenocarcinoma	1	CIN	0.4230	Ascending Colon	NA	NA	0	Cluster4	0	1	MSS	NA	COAD	15.01	LIVING	1 - right colon	T2	1	Primary	0	Male	Matched	Stage IIIA
coadread_tcga_pub	TCGA-AA-A01D	TCGA-AA-A01D-01	Colorectal Adenocarcinoma	Colorectal Adenocarcinoma	1	MSI/CIMP	0.2620	Sigmoid Colon	0	2b	1	CIMP.L	0	1	MSS	121	COADREAD	0.99	LIVING	3 - left colon	T3	1	Primary	1	Female	Matched	Stage IIIC
coadread_tcga_pub	TCGA-AA-A01F	TCGA-AA-A01F-01	Colorectal Adenocarcinoma	Colon Adenocarcinoma	1	CIN	0.5492	Sigmoid Colon	0	3	1	Cluster3	0	1	MSS	48	COAD	13.01	LIVING	3 - left colon	T3	1	Primary	1	Male	Matched	Stage IIIB
coadread_tcga_pub	TCGA-AA-A01G	TCGA-AA-A01G-01	Colorectal Adenocarcinoma	Colorectal Adenocarcinoma	1	Invasive	0.1787	Cecum	0	1	1	CIMP.L	0	1	MSI-L	51	COADREAD	11.99	LIVING	1 - right colon	T3	1	Primary	1	Male	Matched	Stage IIA
coadread_tcga_pub	TCGA-AA-A01I	TCGA-AA-A01I-01	Colorectal Adenocarcinoma	Colon Adenocarcinoma	1	Invasive	0.2417	Sigmoid Colon	0	2b	1	CIMP.L	0	1	MSS	81	COAD	11.99	LIVING	3 - left colon	T2	1	Primary	1	Male	Matched	Stage I
coadread_tcga_pub	TCGA-AA-A01K	TCGA-AA-A01K-01	Colorectal Adenocarcinoma	Colon Adenocarcinoma	1	MSI/CIMP	0.3157	Sigmoid Colon	0	1	1	Cluster3	0	1	MSS	119	COAD	13.01	LIVING	3 - left colon	T3	1	Primary	1	Female	Matched	Stage IIIC
coadread_tcga_pub	TCGA-AA-A01P	TCGA-AA-A01P-01	Colorectal Adenocarcinoma	Colon Adenocarcinoma	1	NA	0.0003	Ascending Colon	1	2a	1	CIMP.H	1	0	MSI-H	389	COAD	38.04	DECEASED	1 - right colon	T3	1	Primary	1	Female	Matched	Stage IIIB
coadread_tcga_pub	TCGA-AA-A01Q	TCGA-AA-A01Q-01	Colorectal Adenocarcinoma	Colon Adenocarcinoma	1	MSI/CIMP	0.0462	Ascending Colon	1	2a	1	CIMP.L	0	1	MSI-H	595	COAD	1.02	LIVING	1 - right colon	T3	1	Primary	1	Female	Matched	Stage IIA
coadread_tcga_pub	TCGA-AA-A01R	TCGA-AA-A01R-01	Colorectal Adenocarcinoma	Colorectal Adenocarcinoma	1	NA	0.0832	Ascending Colon	1	2a	1	CIMP.L	0	0	MSI-H	1230	COADREAD	34.99	LIVING	1 - right colon	T3	1	Primary	1	Male	Matched	Stage IIIB
coadread_tcga_pub	TCGA-AA-A01S	TCGA-AA-A01S-01	Colorectal Adenocarcinoma	Colon Adenocarcinoma	1	NA	0.2205	Sigmoid Colon	0	1	1	Cluster4	1	0	MSI-L	44	COAD	1.02	LIVING	3 - left colon	T3	1	Primary	1	Female	Matched	Stage IIIB
coadread_tcga_pub	TCGA-AA-A01T	TCGA-AA-A01T-01	Colorectal Adenocarcinoma	Colon Adenocarcinoma	1	NA	0.3861	Sigmoid Colon	0	NA	0	Cluster3	0	0	MSS	74	COAD	33.02	LIVING	3 - left colon	T3	1	Primary	1	Female	Matched	Stage IIIB
coadread_tcga_pub	TCGA-AA-A01V	TCGA-AA-A01V-01	Colorectal Adenocarcinoma	Colon Adenocarcinoma	1	NA	0.0001	Cecum	0	2a	1	CIMP.L	0	0	MSS	91	COAD	34.99	LIVING	1 - right colon	T2	1	Primary	1	Male	Matched	Stage I
coadread_tcga_pub	TCGA-AA-A01X	TCGA-AA-A01X-01	Colorectal Adenocarcinoma	Colon Adenocarcinoma	1	NA	0.5220	Sigmoid Colon	0	3	1	Cluster3	0	0	MSS	47	COAD	25.99	LIVING	3 - left colon	T2	1	Primary	1	Female	Matched	Stage IIIA
coadread_tcga_pub	TCGA-AA-A01Z	TCGA-AA-A01Z-01	Colorectal Adenocarcinoma	Colon Adenocarcinoma	1	NA	0.1752	Ascending Colon	0	1	1	CIMP.L	0	0	MSS	77	COAD	20.96	LIVING	1 - right colon	T3	1	Primary	1	Male	Matched	Stage IIA
coadread_tcga_pub	TCGA-AA-A022	TCGA-AA-A022-01	Colorectal Adenocarcinoma	Colon Adenocarcinoma	1	NA	0.1452	Cecum	1	NA	0	CIMP.H	1	0	MSI-H	910	COAD	0	LIVING	1 - right colon	NA	1	Primary	1	Female	Matched	NA
coadread_tcga_pub	TCGA-AA-A024	TCGA-AA-A024-01	Colorectal Adenocarcinoma	Colorectal Adenocarcinoma	1	Invasive	0.0006	Descending Colon	0	2a	1	Cluster3	0	1	MSI-L	58	COADREAD	39.03	DECEASED	3 - left colon	T3	1	Primary	1	Male	Matched	Stage IIA
coadread_tcga_pub	TCGA-AA-A029	TCGA-AA-A029-01	Colorectal Adenocarcinoma	Colon Adenocarcinoma	1	Invasive	0.2676	Cecum	0	2b	1	CIMP.H	0	1	MSI-L	82	COAD	51.91	LIVING	1 - right colon	T3	1	Primary	1	Male	Matched	Stage IIA
coadread_tcga_pub	TCGA-AA-A02E	TCGA-AA-A02E-01	Colorectal Adenocarcinoma	Colon Adenocarcinoma	1	CIN	0.5898	Cecum	NA	NA	1	Cluster3	0	1	MSI-L	NA	COAD	2.92	DECEASED	1 - right colon	T3	1	Primary	0	Female	Matched	Stage IV
coadread_tcga_pub	TCGA-AA-A02F	TCGA-AA-A02F-01	Colorectal Adenocarcinoma	Colon Adenocarcinoma	1	CIN	0.5801	Sigmoid Colon	0	3	1	Cluster4	0	1	MSS	46	COAD	39.92	LIVING	3 - left colon	T3	1	Primary	1	Female	Matched	Stage IV
coadread_tcga_pub	TCGA-AA-A02H	TCGA-AA-A02H-01	Colorectal Adenocarcinoma	Colon Adenocarcinoma	1	CIN	0.4195	Sigmoid Colon	0	3	1	Cluster3	0	1	MSS	57	COAD	2	DECEASED	3 - left colon	T3	1	Primary	1	Female	Matched	Stage IV
coadread_tcga_pub	TCGA-AA-A02J	TCGA-AA-A02J-01	Colorectal Adenocarcinoma	Colon Adenocarcinoma	1	CIN	0.1843	Sigmoid Colon	0	1	1	Cluster4	0	1	MSS	104	COAD	5.03	DECEASED	3 - left colon	T3	1	Primary	1	Female	Matched	Stage IV
coadread_tcga_pub	TCGA-AA-A02K	TCGA-AA-A02K-01	Colorectal Adenocarcinoma	Colon Adenocarcinoma	0	NA	NA	Ascending Colon	NA	NA	0	Cluster3	0	0	MSS	NA	COAD	13.96	DECEASED	1 - right colon	NA	1	Primary	0	Male	Matched	Stage IV
coadread_tcga_pub	TCGA-AA-A02O	TCGA-AA-A02O-01	Colorectal Adenocarcinoma	Colon Adenocarcinoma	1	NA	0.2498	Transverse Colon	0	NA	0	CIMP.H	0	0	MSS	136	COAD	0.92	LIVING	2 - transverse colon	T3	1	Primary	1	Male	Matched	Stage IIA
coadread_tcga_pub	TCGA-AA-A02R	TCGA-AA-A02R-01	Colorectal Adenocarcinoma	Colon Adenocarcinoma	1	MSI/CIMP	0.0464	Cecum	NA	NA	0	CIMP.H	1	1	MSI-H	NA	COAD	22.01	DECEASED	1 - right colon	T3	1	Primary	0	Female	Matched	Stage IIA
coadread_tcga_pub	TCGA-AA-A02W	TCGA-AA-A02W-01	Colorectal Adenocarcinoma	Colon Adenocarcinoma	1	CIN	0.4626	Sigmoid Colon	0	1	1	Cluster4	0	1	MSI-L	88	COAD	40.94	LIVING	3 - left colon	T2	1	Primary	1	Female	Matched	Stage I
coadread_tcga_pub	TCGA-AA-A02Y	TCGA-AA-A02Y-01	Colorectal Adenocarcinoma	Colon Adenocarcinoma	1	NA	0.1905	Cecum	0	NA	0	CIMP.L	0	0	MSS	102	COAD	39.92	LIVING	1 - right colon	T2	1	Primary	1	Male	Matched	Stage I
coadread_tcga_pub	TCGA-AA-A03F	TCGA-AA-A03F-01	Colorectal Adenocarcinoma	Colorectal Adenocarcinoma	1	NA	0.0000	Cecum	0	NA	0	CIMP.H	0	0	MSS	103	COADREAD	18	DECEASED	1 - right colon	T3	1	Primary	1	Female	Matched	Stage IIIB
coadread_tcga_pub	TCGA-AA-A03J	TCGA-AA-A03J-01	Colorectal Adenocarcinoma	Colon Adenocarcinoma	1	NA	0.4677	Sigmoid Colon	0	NA	0	CIMP.L	0	0	MSS	65	COAD	40.9	LIVING	3 - left colon	T2	1	Primary	1	Female	Matched	Stage I
coadread_tcga_pub	TCGA-AF-2689	TCGA-AF-2689-01	Colorectal Adenocarcinoma	Rectal Adenocarcinoma	1	CIN	0.4330	Rectosigmoid Junction	0	NA	1	CIMP.L	0	1	MSS	46	READ	15.84	LIVING	4 - rectum	T3	1	Primary	1	Female	Matched	Stage IV
coadread_tcga_pub	TCGA-AF-2691	TCGA-AF-2691-01	Colorectal Adenocarcinoma	Rectal Adenocarcinoma	1	Invasive	0.1282	Rectum	0	NA	1	CIMP.L	0	1	MSS	57	READ	10.61	LIVING	4 - rectum	T1	1	Primary	1	Female	Matched	Stage I
coadread_tcga_pub	TCGA-AF-2692	TCGA-AF-2692-01	Colorectal Adenocarcinoma	Colorectal Adenocarcinoma	1	CIN	0.4873	NA	0	NA	1	Cluster4	0	1	MSS	31	COADREAD	13.54	LIVING	4 - rectum	T3	1	Primary	1	Female	Matched	Stage IIA
coadread_tcga_pub	TCGA-AF-3400	TCGA-AF-3400-01	Colorectal Adenocarcinoma	Colorectal Adenocarcinoma	1	MSI/CIMP	0.0601	Rectosigmoid Junction	0	NA	0	Cluster4	0	1	MSS	22	COADREAD	12.71	LIVING	4 - rectum	T3	1	Primary	1	Male	Matched	Stage IIA
coadread_tcga_pub	TCGA-AF-3913	TCGA-AF-3913-01	Colorectal Adenocarcinoma	Rectal Adenocarcinoma	1	CIN	0.3578	Rectosigmoid Junction	0	1	1	Cluster4	0	1	MSS	83	READ	10.38	DECEASED	4 - rectum	T3	1	Primary	1	Male	Matched	Stage IV
coadread_tcga_pub	TCGA-AG-3574	TCGA-AG-3574-01	Colorectal Adenocarcinoma	Rectal Adenocarcinoma	1	CIN	0.2278	Rectum	0	NA	0	Cluster3	0	1	MSS	31	READ	0	LIVING	4 - rectum	T3	1	Primary	1	Female	Matched	Stage IIA
coadread_tcga_pub	TCGA-AG-3575	TCGA-AG-3575-01	Colorectal Adenocarcinoma	Rectal Adenocarcinoma	1	MSI/CIMP	0.1788	Rectum	0	NA	0	CIMP.H	0	1	MSS	42	READ	0	LIVING	4 - rectum	T3	1	Primary	1	Male	Matched	Stage IIA
coadread_tcga_pub	TCGA-AG-3578	TCGA-AG-3578-01	Colorectal Adenocarcinoma	Colorectal Adenocarcinoma	1	Invasive	0.4708	Rectum	0	NA	0	Cluster3	0	1	MSS	25	COADREAD	0	LIVING	4 - rectum	T3	1	Primary	1	Female	Matched	Stage IIA
coadread_tcga_pub	TCGA-AG-3580	TCGA-AG-3580-01	Colorectal Adenocarcinoma	Rectal Adenocarcinoma	1	Invasive	0.0353	Rectum	0	NA	0	Cluster3	0	1	MSS	31	READ	0	LIVING	4 - rectum	T1	1	Primary	1	Male	Matched	Stage I
coadread_tcga_pub	TCGA-AG-3581	TCGA-AG-3581-01	Colorectal Adenocarcinoma	Rectal Adenocarcinoma	1	Invasive	0.2427	Rectum	0	3	1	Cluster3	0	1	MSS	36	READ	1.02	LIVING	4 - rectum	T2	1	Primary	1	Male	Matched	Stage I
coadread_tcga_pub	TCGA-AG-3582	TCGA-AG-3582-01	Colorectal Adenocarcinoma	Rectal Adenocarcinoma	1	CIN	0.4110	Rectum	0	1	1	Cluster4	0	1	MSS	29	READ	1.02	LIVING	4 - rectum	T3	1	Primary	1	Male	Matched	Stage IV
coadread_tcga_pub	TCGA-AG-3583	TCGA-AG-3583-01	Colorectal Adenocarcinoma	Colorectal Adenocarcinoma	1	Invasive	0.2426	Rectum	0	3	1	Cluster4	0	1	MSI-L	47	COADREAD	2	LIVING	4 - rectum	T3	1	Primary	1	Male	Matched	Stage IV
coadread_tcga_pub	TCGA-AG-3584	TCGA-AG-3584-01	Colorectal Adenocarcinoma	Rectal Adenocarcinoma	1	CIN	0.4099	Rectum	0	1	1	CIMP.L	0	1	MSS	28	READ	0	LIVING	4 - rectum	T3	1	Primary	1	Male	Matched	Stage IV
coadread_tcga_pub	TCGA-AG-3586	TCGA-AG-3586-01	Colorectal Adenocarcinoma	Colorectal Adenocarcinoma	1	Invasive	0.1330	Rectum	0	2b	1	Cluster3	0	1	MSS	39	COADREAD	0	LIVING	4 - rectum	T3	1	Primary	1	Female	Matched	Stage IIIB
coadread_tcga_pub	TCGA-AG-3587	TCGA-AG-3587-01	Colorectal Adenocarcinoma	Rectal Adenocarcinoma	1	Invasive	0.3226	Rectum	0	1	1	Cluster4	0	1	MSS	52	READ	1.02	LIVING	4 - rectum	T2	1	Primary	1	Male	Matched	Stage I
coadread_tcga_pub	TCGA-AG-3593	TCGA-AG-3593-01	Colorectal Adenocarcinoma	Rectal Adenocarcinoma	1	CIN	0.4804	Rectum	0	3	1	Cluster3	0	1	MSS	58	READ	0	LIVING	4 - rectum	T3	1	Primary	1	Female	Matched	Stage IIA
coadread_tcga_pub	TCGA-AG-3594	TCGA-AG-3594-01	Colorectal Adenocarcinoma	Colorectal Adenocarcinoma	1	MSI/CIMP	0.2990	Rectum	0	2b	0	Cluster3	0	1	MSS	31	COADREAD	0	LIVING	4 - rectum	T3	1	Primary	1	Male	Matched	Stage IIA
coadread_tcga_pub	TCGA-AG-3598	TCGA-AG-3598-01	Colorectal Adenocarcinoma	Rectal Adenocarcinoma	1	Invasive	0.1909	Rectum	0	1	1	CIMP.L	0	1	MSS	55	READ	0	LIVING	4 - rectum	T3	1	Primary	1	Male	Matched	Stage IIA
coadread_tcga_pub	TCGA-AG-3599	TCGA-AG-3599-01	Colorectal Adenocarcinoma	Colorectal Adenocarcinoma	1	Invasive	0.0382	Rectum	0	2b	1	CIMP.L	0	1	MSS	54	COADREAD	0.99	LIVING	4 - rectum	T2	1	Primary	1	Male	Matched	Stage I
coadread_tcga_pub	TCGA-AG-3600	TCGA-AG-3600-01	Colorectal Adenocarcinoma	Rectal Adenocarcinoma	1	MSI/CIMP	0.6084	Rectum	0	1	1	CIMP.H	0	1	MSS	76	READ	0	LIVING	4 - rectum	T3	1	Primary	1	Male	Matched	Stage IIIC
coadread_tcga_pub	TCGA-AG-3601	TCGA-AG-3601-01	Colorectal Adenocarcinoma	Rectal Adenocarcinoma	1	CIN	0.4585	Rectum	0	1	1	Cluster4	0	1	MSI-L	78	READ	0	LIVING	4 - rectum	NA	1	Primary	1	Male	Matched	Stage IIIB
coadread_tcga_pub	TCGA-AG-3602	TCGA-AG-3602-01	Colorectal Adenocarcinoma	Rectal Adenocarcinoma	1	Invasive	0.2499	Rectum	0	3	1	Cluster3	0	1	MSS	35	READ	0	LIVING	4 - rectum	T3	1	Primary	1	Female	Matched	Stage IIIC
coadread_tcga_pub	TCGA-AG-3605	TCGA-AG-3605-01	Colorectal Adenocarcinoma	Rectal Adenocarcinoma	1	Invasive	0.1912	Rectum	0	2b	1	CIMP.L	0	1	MSS	40	READ	0	LIVING	4 - rectum	T3	1	Primary	1	Female	Matched	Stage IV
coadread_tcga_pub	TCGA-AG-3608	TCGA-AG-3608-01	Colorectal Adenocarcinoma	Rectal Adenocarcinoma	1	Invasive	0.1306	Rectum	0	3	1	CIMP.L	0	1	Not Evaluable	44	READ	0	LIVING	4 - rectum	T3	1	Primary	1	Female	Matched	Stage IIA
coadread_tcga_pub	TCGA-AG-3609	TCGA-AG-3609-01	Colorectal Adenocarcinoma	Rectal Adenocarcinoma	1	MSI/CIMP	0.7741	Rectum	0	3	1	Cluster4	0	1	MSS	63	READ	0	LIVING	4 - rectum	T3	1	Primary	1	Female	Matched	Stage IIIC
coadread_tcga_pub	TCGA-AG-3611	TCGA-AG-3611-01	Colorectal Adenocarcinoma	Rectal Adenocarcinoma	1	Invasive	0.6328	Rectum	0	3	1	Cluster3	0	1	MSS	40	READ	0	LIVING	4 - rectum	T3	1	Primary	1	Male	Matched	Stage IIA
coadread_tcga_pub	TCGA-AG-3612	TCGA-AG-3612-01	Colorectal Adenocarcinoma	Rectal Adenocarcinoma	1	CIN	0.4729	Rectum	0	1	1	Cluster4	0	1	MSS	50	READ	0	LIVING	4 - rectum	T3	1	Primary	1	Female	Matched	Stage IIIB
coadread_tcga_pub	TCGA-AG-3726	TCGA-AG-3726-01	Colorectal Adenocarcinoma	Rectal Adenocarcinoma	1	CIN	0.2224	Rectum	0	1	1	Cluster3	0	1	MSS	110	READ	1.02	LIVING	4 - rectum	T2	1	Primary	1	Female	Matched	Stage I
coadread_tcga_pub	TCGA-AG-3727	TCGA-AG-3727-01	Colorectal Adenocarcinoma	Rectal Adenocarcinoma	1	CIN	0.1934	Rectum	0	3	1	Cluster3	0	1	MSS	69	READ	0.95	LIVING	4 - rectum	T3	1	Primary	1	Female	Matched	Stage IIIB
coadread_tcga_pub	TCGA-AG-3728	TCGA-AG-3728-01	Colorectal Adenocarcinoma	Rectal Adenocarcinoma	1	MSI/CIMP	0.4891	Rectum	NA	NA	0	Cluster4	0	1	MSS	NA	READ	0	LIVING	4 - rectum	T3	1	Primary	0	Male	Matched	Stage IIIB
coadread_tcga_pub	TCGA-AG-3878	TCGA-AG-3878-01	Colorectal Adenocarcinoma	Rectal Adenocarcinoma	1	MSI/CIMP	0.0000	Rectum	0	2a	1	CIMP.L	0	1	MSS	67	READ	0.99	LIVING	4 - rectum	T2	1	Primary	1	Male	Matched	Stage I
coadread_tcga_pub	TCGA-AG-3881	TCGA-AG-3881-01	Colorectal Adenocarcinoma	Colorectal Adenocarcinoma	1	MSI/CIMP	0.3911	Rectum	0	2b	0	CIMP.L	0	1	MSS	77	COADREAD	0	LIVING	4 - rectum	T3	1	Primary	1	Female	Matched	Stage IIA
coadread_tcga_pub	TCGA-AG-3882	TCGA-AG-3882-01	Colorectal Adenocarcinoma	Rectal Adenocarcinoma	1	CIN	0.3860	Rectum	0	3	1	Cluster4	0	1	MSS	52	READ	0	LIVING	4 - rectum	T2	1	Primary	1	Female	Matched	Stage I
coadread_tcga_pub	TCGA-AG-3883	TCGA-AG-3883-01	Colorectal Adenocarcinoma	Rectal Adenocarcinoma	1	MSI/CIMP	0.4700	Rectum	0	1	1	Cluster3	0	1	MSS	93	READ	0	LIVING	4 - rectum	T2	1	Primary	1	Male	Matched	Stage I
coadread_tcga_pub	TCGA-AG-3885	TCGA-AG-3885-01	Colorectal Adenocarcinoma	Rectal Adenocarcinoma	1	Invasive	0.3742	Rectum	NA	NA	0	CIMP.L	0	1	MSS	NA	READ	0	LIVING	4 - rectum	T3	1	Primary	0	Female	Matched	Stage IIIB
coadread_tcga_pub	TCGA-AG-3887	TCGA-AG-3887-01	Colorectal Adenocarcinoma	Colorectal Adenocarcinoma	1	CIN	0.1855	Rectum	0	1	1	Cluster4	0	1	MSS	59	COADREAD	0.92	LIVING	4 - rectum	T3	1	Primary	1	Male	Matched	Stage IIA
coadread_tcga_pub	TCGA-AG-3890	TCGA-AG-3890-01	Colorectal Adenocarcinoma	Rectal Adenocarcinoma	1	CIN	0.2781	Rectum	0	3	1	Cluster3	0	1	MSS	61	READ	0	LIVING	4 - rectum	T2	1	Primary	1	Male	Matched	Stage I
coadread_tcga_pub	TCGA-AG-3892	TCGA-AG-3892-01	Colorectal Adenocarcinoma	Rectal Adenocarcinoma	1	Invasive	0.0003	Rectum	1	2a	1	Cluster4	0	1	MSS	1808	READ	1.02	LIVING	4 - rectum	T1	1	Primary	1	Female	Matched	Stage I
coadread_tcga_pub	TCGA-AG-3893	TCGA-AG-3893-01	Colorectal Adenocarcinoma	Rectal Adenocarcinoma	1	CIN	0.2903	Rectum	0	3	1	Cluster4	0	1	MSS	86	READ	0.99	LIVING	4 - rectum	T3	1	Primary	1	Male	Matched	Stage IIIB
coadread_tcga_pub	TCGA-AG-3894	TCGA-AG-3894-01	Colorectal Adenocarcinoma	Rectal Adenocarcinoma	1	CIN	0.0548	Rectum	0	2b	1	Cluster3	0	1	MSS	77	READ	0.99	LIVING	4 - rectum	T3	1	Primary	1	Male	Matched	Stage IIA
coadread_tcga_pub	TCGA-AG-3896	TCGA-AG-3896-01	Colorectal Adenocarcinoma	Rectal Adenocarcinoma	1	CIN	0.1588	Rectum	0	3	1	Cluster3	0	1	MSS	79	READ	0	LIVING	4 - rectum	T2	1	Primary	1	Female	Matched	Stage I
coadread_tcga_pub	TCGA-AG-3898	TCGA-AG-3898-01	Colorectal Adenocarcinoma	Rectal Adenocarcinoma	1	CIN	0.3854	Rectum	0	3	1	Cluster3	0	1	MSS	78	READ	0	LIVING	4 - rectum	T3	1	Primary	1	Male	Matched	Stage IIA
coadread_tcga_pub	TCGA-AG-3901	TCGA-AG-3901-01	Colorectal Adenocarcinoma	Colorectal Adenocarcinoma	1	MSI/CIMP	0.0817	Rectum	0	2a	1	Cluster3	0	1	MSS	47	COADREAD	0	LIVING	4 - rectum	T3	1	Primary	1	Female	Matched	Stage IIIB
coadread_tcga_pub	TCGA-AG-3902	TCGA-AG-3902-01	Colorectal Adenocarcinoma	Rectal Adenocarcinoma	1	MSI/CIMP	0.2552	Rectum	0	2b	0	CIMP.L	0	1	MSS	102	READ	0	LIVING	4 - rectum	T3	1	Primary	1	Male	Matched	Stage IIA
coadread_tcga_pub	TCGA-AG-3909	TCGA-AG-3909-01	Colorectal Adenocarcinoma	Rectal Adenocarcinoma	1	CIN	0.3082	Rectum	0	3	1	Cluster3	0	1	MSS	73	READ	0	LIVING	4 - rectum	T3	1	Primary	1	Female	Matched	Stage IIIB
coadread_tcga_pub	TCGA-AG-3999	TCGA-AG-3999-01	Colorectal Adenocarcinoma	Rectal Adenocarcinoma	1	CIN	0.5863	Rectum	0	1	1	Cluster3	0	1	MSS	78	READ	NA	NA	4 - rectum	T3	1	Primary	1	Female	Matched	Stage IIIC
coadread_tcga_pub	TCGA-AG-4001	TCGA-AG-4001-01	Colorectal Adenocarcinoma	Rectal Adenocarcinoma	1	CIN	0.2458	Rectum	0	3	1	Cluster4	0	1	MSI-L	89	READ	1.02	LIVING	4 - rectum	T3	1	Primary	1	Female	Matched	Stage IIA
coadread_tcga_pub	TCGA-AG-4005	TCGA-AG-4005-01	Colorectal Adenocarcinoma	Rectal Adenocarcinoma	1	CIN	0.4102	Rectum	0	1	1	Cluster3	0	1	MSS	80	READ	0	LIVING	4 - rectum	T3	1	Primary	1	Male	Matched	Stage IV
coadread_tcga_pub	TCGA-AG-4007	TCGA-AG-4007-01	Colorectal Adenocarcinoma	Rectal Adenocarcinoma	0	CIN	0.2265	Rectum	0	NA	0	CIMP.L	0	1	MSI-L	128	READ	1.02	LIVING	4 - rectum	NA	1	Primary	1	Male	Matched	Stage IV
coadread_tcga_pub	TCGA-AG-4008	TCGA-AG-4008-01	Colorectal Adenocarcinoma	Rectal Adenocarcinoma	1	CIN	0.2393	Rectum	0	1	1	Cluster3	0	1	MSS	63	READ	1.02	LIVING	4 - rectum	T3	1	Primary	1	Male	Matched	Stage IIA
coadread_tcga_pub	TCGA-AG-4015	TCGA-AG-4015-01	Colorectal Adenocarcinoma	Rectal Adenocarcinoma	1	CIN	0.5071	Rectum	0	1	1	Cluster4	0	1	MSS	77	READ	0	LIVING	4 - rectum	T3	1	Primary	1	Female	Matched	Stage IIA
coadread_tcga_pub	TCGA-AG-A002	TCGA-AG-A002-01	Colorectal Adenocarcinoma	Rectal Adenocarcinoma	1	MSI/CIMP	0.0005	Rectum	1	2a	1	Cluster3	0	1	MSS	9903	READ	20.93	LIVING	4 - rectum	T2	1	Primary	1	Male	Matched	Stage I
coadread_tcga_pub	TCGA-AG-A008	TCGA-AG-A008-01	Colorectal Adenocarcinoma	Colorectal Adenocarcinoma	1	Invasive	0.7260	Rectum	0	3	1	Cluster4	0	1	MSS	41	COADREAD	13.9	LIVING	4 - rectum	T2	1	Primary	1	Female	Matched	Stage I
coadread_tcga_pub	TCGA-AG-A00C	TCGA-AG-A00C-01	Colorectal Adenocarcinoma	Rectal Adenocarcinoma	1	Invasive	0.1200	Rectum	0	3	1	Cluster3	0	1	MSS	52	READ	6.01	LIVING	4 - rectum	T3	1	Primary	1	Female	Matched	Stage IIIB
coadread_tcga_pub	TCGA-AG-A00H	TCGA-AG-A00H-01	Colorectal Adenocarcinoma	Rectal Adenocarcinoma	1	Invasive	0.2629	Rectum	0	1	1	Cluster4	0	1	MSS	53	READ	25.92	LIVING	4 - rectum	T3	1	Primary	1	Male	Matched	Stage IIA
coadread_tcga_pub	TCGA-AG-A00Y	TCGA-AG-A00Y-01	Colorectal Adenocarcinoma	Rectal Adenocarcinoma	0	Invasive	0.2973	Rectum	0	NA	0	Cluster3	0	1	MSS	82	READ	23	LIVING	4 - rectum	T3	1	Primary	1	Male	Matched	Stage IIA
coadread_tcga_pub	TCGA-AG-A011	TCGA-AG-A011-01	Colorectal Adenocarcinoma	Rectal Adenocarcinoma	1	Invasive	0.3248	Rectum	0	1	1	CIMP.L	0	1	MSS	89	READ	17.02	LIVING	4 - rectum	T3	1	Primary	1	Male	Matched	Stage IIA
coadread_tcga_pub	TCGA-AG-A014	TCGA-AG-A014-01	Colorectal Adenocarcinoma	Rectal Adenocarcinoma	1	CIN	0.4536	Rectum	0	1	1	Cluster4	0	1	MSS	106	READ	15.9	LIVING	4 - rectum	T2	1	Primary	1	Male	Matched	Stage I
coadread_tcga_pub	TCGA-AG-A015	TCGA-AG-A015-01	Colorectal Adenocarcinoma	Rectal Adenocarcinoma	1	Invasive	0.9472	Rectum	0	3	1	Cluster3	0	1	MSS	54	READ	13.01	LIVING	4 - rectum	T1	1	Primary	1	Female	Matched	Stage I
coadread_tcga_pub	TCGA-AG-A016	TCGA-AG-A016-01	Colorectal Adenocarcinoma	Rectal Adenocarcinoma	1	CIN	0.7687	Rectum	0	1	1	Cluster3	0	1	MSS	40	READ	1.02	LIVING	4 - rectum	T3	1	Primary	1	Male	Matched	Stage IV
coadread_tcga_pub	TCGA-AG-A01J	TCGA-AG-A01J-01	Colorectal Adenocarcinoma	Rectal Adenocarcinoma	1	CIN	0.1856	Rectum	NA	NA	0	Cluster4	0	1	MSS	NA	READ	1.02	LIVING	4 - rectum	T3	1	Primary	0	Female	Matched	Stage IIA
coadread_tcga_pub	TCGA-AG-A01L	TCGA-AG-A01L-01	Colorectal Adenocarcinoma	Rectal Adenocarcinoma	1	Invasive	0.3084	Rectum	0	3	1	Cluster3	0	1	MSS	61	READ	11.99	LIVING	4 - rectum	T3	1	Primary	1	Male	Matched	Stage IIIB
coadread_tcga_pub	TCGA-AG-A01N	TCGA-AG-A01N-01	Colorectal Adenocarcinoma	Rectal Adenocarcinoma	1	CIN	0.3290	Rectum	NA	NA	0	Cluster4	0	1	MSS	NA	READ	11.99	LIVING	4 - rectum	T2	1	Primary	0	Female	Matched	Stage IV
coadread_tcga_pub	TCGA-AG-A01W	TCGA-AG-A01W-01	Colorectal Adenocarcinoma	Rectal Adenocarcinoma	1	NA	0.5073	Rectum	0	NA	0	NA	NA	0	MSS	98	READ	69.98	LIVING	4 - rectum	T3	1	Primary	1	Female	Matched	Stage IIA
coadread_tcga_pub	TCGA-AG-A01Y	TCGA-AG-A01Y-01	Colorectal Adenocarcinoma	Rectal Adenocarcinoma	1	NA	0.3297	Rectum	0	NA	0	NA	NA	0	MSS	68	READ	63.93	LIVING	4 - rectum	T3	1	Primary	1	Female	Matched	Stage IIA
coadread_tcga_pub	TCGA-AG-A020	TCGA-AG-A020-01	Colorectal Adenocarcinoma	Colorectal Adenocarcinoma	1	NA	0.1809	Rectum	0	NA	0	NA	NA	0	MSS	60	COADREAD	10.97	LIVING	4 - rectum	T3	1	Primary	1	Female	Matched	Stage IIIB
coadread_tcga_pub	TCGA-AG-A023	TCGA-AG-A023-01	Colorectal Adenocarcinoma	Rectal Adenocarcinoma	1	MSI/CIMP	0.2104	Rectum	NA	NA	0	Cluster4	0	1	MSS	NA	READ	51.94	DECEASED	4 - rectum	NA	1	Primary	0	Female	Matched	Stage IV
coadread_tcga_pub	TCGA-AG-A025	TCGA-AG-A025-01	Colorectal Adenocarcinoma	Rectal Adenocarcinoma	1	Invasive	0.0333	Rectum	0	2a	1	Cluster3	0	1	MSS	67	READ	49.9	LIVING	4 - rectum	T1	1	Primary	1	Female	Matched	Stage I
coadread_tcga_pub	TCGA-AG-A026	TCGA-AG-A026-01	Colorectal Adenocarcinoma	Rectal Adenocarcinoma	1	NA	0.4292	Rectum	0	1	1	Cluster3	0	0	MSS	171	READ	1.94	DECEASED	4 - rectum	NA	1	Primary	1	Male	Matched	NA
coadread_tcga_pub	TCGA-AG-A02G	TCGA-AG-A02G-01	Colorectal Adenocarcinoma	Rectal Adenocarcinoma	1	CIN	0.4973	Rectum	0	3	1	Cluster4	0	1	MSS	41	READ	38.9	DECEASED	4 - rectum	T2	1	Primary	1	Male	Matched	Stage IV
coadread_tcga_pub	TCGA-AG-A02N	TCGA-AG-A02N-01	Colorectal Adenocarcinoma	Rectal Adenocarcinoma	1	NA	0.0980	Rectum	1	NA	0	NA	NA	0	MSI-H	909	READ	61.9	LIVING	4 - rectum	T3	1	Primary	1	Male	Matched	Stage IIA
coadread_tcga_pub	TCGA-AG-A02X	TCGA-AG-A02X-01	Colorectal Adenocarcinoma	Rectal Adenocarcinoma	1	Invasive	0.9653	Rectum	0	3	1	CIMP.H	0	1	MSS	98	READ	40.94	LIVING	4 - rectum	T2	1	Primary	1	Male	Matched	Stage I
coadread_tcga_pub	TCGA-AG-A032	TCGA-AG-A032-01	Colorectal Adenocarcinoma	Rectal Adenocarcinoma	1	CIN	0.4336	Rectum	0	3	1	Cluster4	0	1	MSS	61	READ	37.98	LIVING	4 - rectum	T3	1	Primary	1	Male	Matched	Stage IIIB
coadread_tcga_pub	TCGA-AG-A036	TCGA-AG-A036-01	Colorectal Adenocarcinoma	Rectal Adenocarcinoma	0	NA	NA	Rectum	0	NA	0	NA	NA	0	MSS	109	READ	72.01	LIVING	4 - rectum	T3	1	Primary	1	Male	Matched	Stage IIIB
coadread_tcga_pub	TCGA-AY-4070	TCGA-AY-4070-01	Colorectal Adenocarcinoma	Colon Adenocarcinoma	1	CIN	0.3407	Cecum	0	1	1	Cluster3	0	1	MSS	90	COAD	16.3	DECEASED	1 - right colon	T3	1	Primary	1	Female	Matched	Stage IIIC
coadread_tcga_pub	TCGA-AY-4071	TCGA-AY-4071-01	Colorectal Adenocarcinoma	Colorectal Adenocarcinoma	1	CIN	0.3320	NA	0	3	1	Cluster3	0	1	MSS	83	COADREAD	0.95	DECEASED	NA	T1	1	Primary	1	Female	Matched	Stage I
coadread_tcga_pub	TCGA-AZ-4308	TCGA-AZ-4308-01	Colorectal Adenocarcinoma	Colon Adenocarcinoma	1	NA	0.1974	Sigmoid Colon	NA	NA	0	NA	NA	0	MSS	NA	COAD	56.31	LIVING	3 - left colon	T3	1	Primary	0	Female	Matched	Stage IIIB
coadread_tcga_pub	TCGA-AZ-4313	TCGA-AZ-4313-01	Colorectal Adenocarcinoma	Colon Adenocarcinoma	1	NA	0.1381	Descending Colon	NA	NA	NA	NA	NA	0	MSI-H	NA	COAD	31.44	LIVING	1 - right colon	T1	1	Primary	0	Female	Matched	Stage I
coadread_tcga_pub	TCGA-AZ-4315	TCGA-AZ-4315-01	Colorectal Adenocarcinoma	Colon Adenocarcinoma	1	NA	0.0013	Cecum	NA	NA	NA	NA	NA	0	MSS	NA	COAD	43.83	LIVING	1 - right colon	T3	1	Primary	0	Male	Matched	Stage IIA
coadread_tcga_pub	TCGA-AZ-4614	TCGA-AZ-4614-01	Colorectal Adenocarcinoma	Colon Adenocarcinoma	1	NA	0.3669	NA	NA	NA	NA	NA	NA	0	MSI-L	NA	COAD	5.65	DECEASED	NA	T4a	1	Primary	0	Female	Matched	Stage IVA
coadread_tcga_pub	TCGA-AZ-4615	TCGA-AZ-4615-01	Colorectal Adenocarcinoma	Colon Adenocarcinoma	1	NA	0.0587	NA	NA	NA	NA	NA	NA	0	MSI-H	NA	COAD	16.59	LIVING	NA	T3	1	Primary	0	Male	Matched	Stage IIIB
coadread_tcga_pub	TCGA-AZ-4681	TCGA-AZ-4681-01	Colorectal Adenocarcinoma	Colon Adenocarcinoma	1	NA	0.2380	Ascending Colon	NA	NA	NA	NA	NA	0	MSS	NA	COAD	71.62	LIVING	1 - right colon	T3	1	Primary	0	Female	Matched	Stage IIA
coadread_tcga_pub	TCGA-AZ-4682	TCGA-AZ-4682-01	Colorectal Adenocarcinoma	Colon Adenocarcinoma	1	NA	0.3540	Sigmoid Colon	NA	NA	NA	NA	NA	0	MSS	NA	COAD	22.01	DECEASED	3 - left colon	T3	1	Primary	0	Male	Matched	Stage IVA
coadread_tcga_pub	TCGA-AZ-4684	TCGA-AZ-4684-01	Colorectal Adenocarcinoma	Colon Adenocarcinoma	1	NA	0.2936	NA	NA	NA	NA	NA	NA	0	MSI-L	NA	COAD	56.01	LIVING	NA	T3	1	Primary	0	Male	Matched	Stage IVA
coadread_tcga_pub	TCGA-CA-5256	TCGA-CA-5256-01	Colorectal Adenocarcinoma	Colon Adenocarcinoma	1	NA	0.4695	Hepatic Flexure	NA	NA	NA	NA	NA	0	MSS	NA	COAD	0	LIVING	1 - right colon	T3	1	Primary	0	Female	Matched	Stage IIA
coadread_tcga_pub	TCGA-CK-4951	TCGA-CK-4951-01	Colorectal Adenocarcinoma	Colorectal Adenocarcinoma	1	NA	0.0026	Ascending Colon	NA	NA	NA	NA	NA	0	MSI-H	NA	COADREAD	48.98	LIVING	1 - right colon	T3	1	Primary	0	Female	Matched	Stage IIA
coadread_tcga_pub	TCGA-CM-4744	TCGA-CM-4744-01	Colorectal Adenocarcinoma	Colon Adenocarcinoma	1	NA	0.1898	Cecum	NA	NA	NA	NA	NA	0	MSS	NA	COAD	7.03	LIVING	1 - right colon	T2	1	Primary	0	Male	Matched	Stage I
coadread_tcga_pub	TCGA-CM-4746	TCGA-CM-4746-01	Colorectal Adenocarcinoma	Colon Adenocarcinoma	1	NA	0.1196	Sigmoid Colon	NA	NA	NA	NA	NA	0	MSI-H	NA	COAD	22.96	LIVING	3 - left colon	T2	1	Primary	0	Male	Matched	Stage I
coadread_tcga_pub	TCGA-CM-4747	TCGA-CM-4747-01	Colorectal Adenocarcinoma	Colon Adenocarcinoma	1	NA	0.4449	Cecum	NA	NA	NA	NA	NA	0	MSI-L	NA	COAD	8.02	LIVING	1 - right colon	T4a	1	Primary	0	Male	Matched	Stage IVA
coadread_tcga_pub	TCGA-CM-4748	TCGA-CM-4748-01	Colorectal Adenocarcinoma	Colon Adenocarcinoma	1	NA	0.0119	Transverse Colon	NA	NA	NA	NA	NA	0	MSS	NA	COAD	7.03	LIVING	2 - transverse colon	T4a	1	Primary	0	Male	Matched	Stage IIIB
coadread_tcga_pub	TCGA-CM-4750	TCGA-CM-4750-01	Colorectal Adenocarcinoma	Colon Adenocarcinoma	1	NA	0.2858	NA	NA	NA	NA	NA	NA	0	MSI-L	NA	COAD	8.02	LIVING	NA	T1	1	Primary	0	Female	Matched	Stage IIIA
coadread_tcga_pub	TCGA-CM-4752	TCGA-CM-4752-01	Colorectal Adenocarcinoma	Colon Adenocarcinoma	1	NA	0.4029	Ascending Colon	NA	NA	NA	NA	NA	0	MSS	NA	COAD	4.04	LIVING	1 - right colon	T3	1	Primary	0	Male	Matched	Stage IIA
coadread_tcga_pub	TCGA-CM-5341	TCGA-CM-5341-01	Colorectal Adenocarcinoma	Colon Adenocarcinoma	1	NA	0.2701	Sigmoid Colon	NA	NA	NA	NA	NA	0	MSS	NA	COAD	6.01	LIVING	3 - left colon	T2	1	Primary	0	Female	Matched	Stage IIIA